"","crash_probability","class","cost"
"1",0.137007444890706,"0",0
"2",0.345312201611197,"0",0
"3",0.150907133257556,"0",0
"4",0.247520771414795,"0",0
"5",0.215685393426316,"0",0
"6",0.222617385852831,"0",0
"7",0.415616010548708,"0",0
"8",0.328929266026862,"0",0
"9",0.0560398248682717,"0",0
"10",0.155778913543738,"0",0
"11",0.0475949175677907,"0",0
"12",0.584726493333205,"1",3950.23920602199
"13",0.805143244941908,"1",3762.10071293036
"14",0.15558231584546,"0",0
"15",0.0546211250344353,"0",0
"16",0.556315283602894,"1",3775.39104499621
"17",0.625521703056053,"1",3490.56625497651
"18",0.196320046692217,"0",0
"19",0.552234303314766,"1",3755.29413921359
"20",0.395213609770709,"0",0
"21",0.16649662491596,"0",0
"22",0.33456133151465,"0",0
"23",0.0608835998793888,"0",0
"24",0.353381753082192,"0",0
"25",0.324164839854603,"0",0
"26",0.409016630467622,"0",0
"27",0.447820798127263,"0",0
"28",0.424076712480145,"0",0
"29",0.0824920215427781,"0",0
"30",0.145951317912936,"0",0
"31",0.112775297097498,"0",0
"32",0.456939271374065,"0",0
"33",0.116740832740184,"0",0
"34",0.211942317694728,"0",0
"35",0.216352650975136,"0",0
"36",0.0611546989858141,"0",0
"37",0.18664253788576,"0",0
"38",0.265830348059405,"0",0
"39",0.110472357898463,"0",0
"40",0.559812708790291,"1",3775.75089403036
"41",0.27575890591513,"0",0
"42",0.495186257765894,"0",0
"43",0.0298310793045793,"0",0
"44",0.494761970071615,"0",0
"45",0.0132896601689763,"0",0
"46",0.213598051814026,"0",0
"47",0.0839731164669655,"0",0
"48",0.388215672782896,"0",0
"49",0.025444419969117,"0",0
"50",0.556856685457778,"1",3706.57832934208
"51",0.160485465130152,"0",0
"52",0.332412343240035,"0",0
"53",0.703189620592749,"1",3803.56251806284
"54",0.0880530682894753,"0",0
"55",0.335575522895659,"0",0
"56",0.296597780822242,"0",0
"57",0.321488752521709,"0",0
"58",0.448415750697858,"0",0
"59",0.101272577907069,"0",0
"60",0.483564624943952,"0",0
"61",0.0255301240727608,"0",0
"62",0.0649587226982256,"0",0
"63",0.398431554606317,"0",0
"64",0.172153342615227,"0",0
"65",0.0863087298502184,"0",0
"66",0.392224665561588,"0",0
"67",0.77615855898366,"1",3612.41134964185
"68",0.582513697355218,"1",4137.52057652199
"69",0.228617046757356,"0",0
"70",0.09180532456874,"0",0
"71",0.0432940811801946,"0",0
"72",0.294248738374452,"0",0
"73",0.614355239112474,"1",3670.71903421157
"74",0.330963775084379,"0",0
"75",0.5927469993024,"1",3749.21448617138
"76",0.211112394155498,"0",0
"77",0.293125551580067,"0",0
"78",0.282442167510093,"0",0
"79",0.20376687223383,"0",0
"80",0.0623810342052821,"0",0
"81",0.542654374426364,"1",3692.82624306031
"82",0.443762289167703,"0",0
"83",0.391362836016534,"0",0
"84",0.0529380507138614,"0",0
"85",0.456742114961914,"0",0
"86",0.537934379172569,"1",4041.25458816338
"87",0.275865874290169,"0",0
"88",0.339885381827129,"0",0
"89",0.0693858598557274,"0",0
"90",0.734404831470569,"1",3849.51501841377
"91",0.104054690202807,"0",0
"92",0.12233645464677,"0",0
"93",0.0587094766213498,"0",0
"94",0.135519267428837,"0",0
"95",0.0544422281370023,"0",0
"96",0.142734072347381,"0",0
"97",0.0189777671434016,"0",0
"98",0.359504764137249,"0",0
"99",0.34153720446318,"0",0
"100",0.153337996307799,"0",0
"101",0.328703302244766,"0",0
"102",0.481808006449241,"0",0
"103",0.527483337216358,"1",3831.94420296852
"104",0.576975909434353,"1",4064.43107113121
"105",0.131262543025913,"0",0
"106",0.146547294005118,"0",0
"107",0.208849470771995,"0",0
"108",0.0975480154769875,"0",0
"109",0.471313646774819,"0",0
"110",0.30475589401489,"0",0
"111",0.648875218558509,"1",4030.86833273328
"112",0.0428299129649264,"0",0
"113",0.206347585794087,"0",0
"114",0.200319913743567,"0",0
"115",0.578991799104017,"1",3812.99964560653
"116",0.0563021120856457,"0",0
"117",0.0201901245169815,"0",0
"118",0.64489382439583,"1",3704.45929514929
"119",0.516837381978171,"1",3612.41134964185
"120",0.163298066604063,"0",0
"121",0.261959397588197,"0",0
"122",0.746663873565458,"1",3757.80039033888
"123",0.58982590545872,"1",3840.35352177477
"124",0.466001357041955,"0",0
"125",0.18184503719472,"0",0
"126",0.462896063347337,"0",0
"127",0.351642264980385,"0",0
"128",0.240211075391044,"0",0
"129",0.239232539944726,"0",0
"130",0.14085973697255,"0",0
"131",0.0922185977333742,"0",0
"132",0.190581329817738,"0",0
"133",0.23563194031351,"0",0
"134",0.0809908346935043,"0",0
"135",0.0912203812197681,"0",0
"136",0.291084424849434,"0",0
"137",0.736938342973195,"1",3801.3880384447
"138",0.571065680988208,"1",4404.88993820811
"139",0.0561132447630382,"0",0
"140",0.124539836573551,"0",0
"141",0.0664999664451828,"0",0
"142",0.738723702245501,"1",3718.96354293995
"143",0.16747086870683,"0",0
"144",0.144727230226588,"0",0
"145",0.0980501263548426,"0",0
"146",0.592905096895716,"1",3490.56625497651
"147",0.169992889883139,"0",0
"148",0.149152677148297,"0",0
"149",0.335205787296683,"0",0
"150",0.0437417835725573,"0",0
"151",0.482299645346291,"0",0
"152",0.347719187044521,"0",0
"153",0.69846021236875,"1",3743.14467581519
"154",0.441299206516581,"0",0
"155",0.30943021783953,"0",0
"156",0.497159186191398,"0",0
"157",0.081276243829102,"0",0
"158",0.157915628336299,"0",0
"159",0.506921615868763,"1",3688.25356205488
"160",0.499222285464313,"0",0
"161",0.250653186113796,"0",0
"162",0.138493109226696,"0",0
"163",0.300168119903377,"0",0
"164",0.115659770374117,"0",0
"165",0.39260842106071,"0",0
"166",0.289345655135169,"0",0
"167",0.054800584125489,"0",0
"168",0.179292692944702,"0",0
"169",0.350244114951232,"0",0
"170",0.16718685389437,"0",0
"171",0.121999594057228,"0",0
"172",0.460752176812786,"0",0
"173",0.195313418742711,"0",0
"174",0.806603236080734,"1",4320.48376035376
"175",0.304555559264858,"0",0
"176",0.378805860070132,"0",0
"177",0.481893889412982,"0",0
"178",0.495497976459637,"0",0
"179",0.707664725501166,"1",4910.4642132556
"180",0.627730937146329,"1",3680.17730036029
"181",0.527843463879842,"1",3732.81296453605
"182",0.25280394420968,"0",0
"183",0.120674388840985,"0",0
"184",0.312827097750746,"0",0
"185",0.249522020085709,"0",0
"186",0.326094617427548,"0",0
"187",0.0708937841656013,"0",0
"188",0.0930941474948973,"0",0
"189",0.217629137393259,"0",0
"190",0.277032671391497,"0",0
"191",0.469947798713902,"0",0
"192",0.62102695592394,"1",3724.28415218319
"193",0.359694903838481,"0",0
"194",0.357161269248548,"0",0
"195",0.126263446457166,"0",0
"196",0.493879167559818,"0",0
"197",0.476158764569439,"0",0
"198",0.20976816807677,"0",0
"199",0.253118319700574,"0",0
"200",0.186145982001292,"0",0
"201",0.256468761607217,"0",0
"202",0.40122334814836,"0",0
"203",0.127147193323508,"0",0
"204",0.0849173333551013,"0",0
"205",0.0974770514835793,"0",0
"206",0.024257638485567,"0",0
"207",0.799287456580852,"1",3622.75508003717
"208",0.0562551837739718,"0",0
"209",0.0923306937283925,"0",0
"210",0.082467190092438,"0",0
"211",0.0308984433895737,"0",0
"212",0.236806721910843,"0",0
"213",0.506752327440161,"1",3789.45060263063
"214",0.494255812655401,"0",0
"215",0.0775640599498781,"0",0
"216",0.314484122210514,"0",0
"217",0.412424415318674,"0",0
"218",0.0824160123804264,"0",0
"219",0.174242255968937,"0",0
"220",0.0259722993559029,"0",0
"221",0.0621779930548303,"0",0
"222",0.0880040925081298,"0",0
"223",0.422735729448527,"0",0
"224",0.369663598268411,"0",0
"225",0.16059131953752,"0",0
"226",0.346347723451386,"0",0
"227",0.647821521987044,"1",3889.71520473014
"228",0.425340535726946,"0",0
"229",0.327687388009658,"0",0
"230",0.172455680899715,"0",0
"231",0.0665293455991723,"0",0
"232",0.104088240946364,"0",0
"233",0.509128678830256,"1",3889.34449429431
"234",0.150820147325862,"0",0
"235",0.0184148348972661,"0",0
"236",0.257718697166219,"0",0
"237",0.134798106501745,"0",0
"238",0.0458900601299158,"0",0
"239",0.0332449091903923,"0",0
"240",0.671685211008773,"1",4203.10205053487
"241",0.0446810866293509,"0",0
"242",0.1580395527639,"0",0
"243",0.6414692260273,"1",3781.87357799368
"244",0.287195032903924,"0",0
"245",0.199453938886671,"0",0
"246",0.402588763116645,"0",0
"247",0.280092349602445,"0",0
"248",0.374825029279358,"0",0
"249",0.0607859575414936,"0",0
"250",0.543451312382425,"1",3731.74579578237
"251",0.517603491618279,"1",3633.12842853191
"252",0.567638999412334,"1",3755.29413921359
"253",0.120191933394639,"0",0
"254",0.286976057996543,"0",0
"255",0.391085167845132,"0",0
"256",0.29210646989841,"0",0
"257",0.132660655933829,"0",0
"258",0.325177929796204,"0",0
"259",0.527270843499403,"1",3806.82656993363
"260",0.0997506142498058,"0",0
"261",0.0780458216805244,"0",0
"262",0.115540501496313,"0",0
"263",0.199605544822276,"0",0
"264",0.175011417309698,"0",0
"265",0.226941989227675,"0",0
"266",0.122116066288839,"0",0
"267",0.15046773107966,"0",0
"268",0.137216156115422,"0",0
"269",0.808359462758223,"1",4121.38392366483
"270",0.55523751444671,"1",3611.72281863075
"271",0.479171818645188,"0",0
"272",0.0981709331343686,"0",0
"273",0.284449261993353,"0",0
"274",0.694782815503231,"1",4137.52057652199
"275",0.146918648317379,"0",0
"276",0.31660936420461,"0",0
"277",0.587369414961094,"1",4145.81014376893
"278",0.268816704356016,"0",0
"279",0.303235519524283,"0",0
"280",0.23399667095844,"0",0
"281",0.236060368531193,"0",0
"282",0.29223754937401,"0",0
"283",0.308048249067606,"0",0
"284",0.334751526655952,"0",0
"285",0.400888512557666,"0",0
"286",0.529032828546447,"1",3685.44241929328
"287",0.0376678334453047,"0",0
"288",0.367239912653075,"0",0
"289",0.431534090992128,"0",0
"290",0.663945418327418,"1",3667.92125605742
"291",0.415226432240375,"0",0
"292",0.188440345864111,"0",0
"293",0.110768338986339,"0",0
"294",0.454307242409156,"0",0
"295",0.0585853851833235,"0",0
"296",0.396966473052131,"0",0
"297",0.215936432336682,"0",0
"298",0.513116456751427,"1",4057.85093923997
"299",0.115348048891774,"0",0
"300",0.308083045438558,"0",0
"301",0.237932803671893,"0",0
"302",0.0730435922559675,"0",0
"303",0.287416176011456,"0",0
"304",0.514931461877266,"1",4368.51580217765
"305",0.536328436851429,"1",3637.63276563236
"306",0.383604459211639,"0",0
"307",0.163016285106284,"0",0
"308",0.47857376161901,"0",0
"309",0.0310952097547159,"0",0
"310",0.274468700815528,"0",0
"311",0.688293911685451,"1",3813.72654759573
"312",0.334123030924673,"0",0
"313",0.0762430108382481,"0",0
"314",0.827472944983589,"1",3727.48017080957
"315",0.239365343082097,"0",0
"316",0.189412806495751,"0",0
"317",0.253748895535383,"0",0
"318",0.153353652938496,"0",0
"319",0.591739897155478,"1",3792.34107965349
"320",0.0324046573659951,"0",0
"321",0.312105232506724,"0",0
"322",0.519605276769863,"1",3727.48017080957
"323",0.153269345723878,"0",0
"324",0.251114122927991,"0",0
"325",0.64573898728547,"1",3846.58096409847
"326",0.376928169507594,"0",0
"327",0.63912391588834,"1",3814.45358815996
"328",0.179947250594112,"0",0
"329",0.443857757081351,"0",0
"330",0.251865948550534,"0",0
"331",0.0901055935888799,"0",0
"332",0.0525025960769842,"0",0
"333",0.726868642945142,"1",3982.37140107908
"334",0.141486025562877,"0",0
"335",0.276213059685775,"0",0
"336",0.303810439131328,"0",0
"337",0.196606019580135,"0",0
"338",0.498621910138365,"0",0
"339",0.186111435977423,"0",0
"340",0.0705459744224032,"0",0
"341",0.450702089876183,"0",0
"342",0.556616902338687,"1",4266.06207014732
"343",0.356347207593273,"0",0
"344",0.64447425156325,"1",3664.42703190822
"345",0.0367864369592561,"0",0
"346",0.0572575342001068,"0",0
"347",0.153457777459183,"0",0
"348",0.0736606568619735,"0",0
"349",0.0867584931434992,"0",0
"350",0.228462525567694,"0",0
"351",0.0461463417888455,"0",0
"352",0.186321897443543,"0",0
"353",0.782757748032546,"1",4305.27456396168
"354",0.712717851605461,"1",3954.00596713051
"355",0.126995534964541,"0",0
"356",0.604111884007426,"1",3491.56445352589
"357",0.399634488410667,"0",0
"358",0.190135632351464,"0",0
"359",0.0438479105717578,"0",0
"360",0.100771661992882,"0",0
"361",0.637908352545259,"1",3758.15856273079
"362",0.222028043571232,"0",0
"363",0.106609535908055,"0",0
"364",0.428735449733743,"0",0
"365",0.129753683392361,"0",0
"366",0.466932340835817,"0",0
"367",0.162784492138912,"0",0
"368",0.31524289080005,"0",0
"369",0.0803378183757159,"0",0
"370",0.190818024362615,"0",0
"371",0.162123921294393,"0",0
"372",0.303203030445583,"0",0
"373",0.516294916404429,"1",4627.37825693905
"374",0.226685861051295,"0",0
"375",0.17212274394231,"0",0
"376",0.566308012704131,"1",3663.72858663021
"377",0.0178170833347169,"0",0
"378",0.208623972204726,"0",0
"379",0.0343601135055625,"0",0
"380",0.109275165446371,"0",0
"381",0.10856789930559,"0",0
"382",0.311148472436247,"0",0
"383",0.3293604606727,"0",0
"384",0.344081522796976,"0",0
"385",0.0712208235864115,"0",0
"386",0.401416053865695,"0",0
"387",0.310192714466873,"0",0
"388",0.19062873541872,"0",0
"389",0.122586431370315,"0",0
"390",0.609923818882305,"1",3588.39068563837
"391",0.228292484203505,"0",0
"392",0.118854227539789,"0",0
"393",0.244984113208117,"0",0
"394",0.205111972176723,"0",0
"395",0.0781590852121579,"0",0
"396",0.369263078373474,"0",0
"397",0.085957893420457,"0",0
"398",0.386213871349885,"0",0
"399",0.400322683667601,"0",0
"400",0.431143074116092,"0",0
"401",0.3433365544994,"0",0
"402",0.209366527552218,"0",0
"403",0.128087043277569,"0",0
"404",0.0876935107922969,"0",0
"405",0.108699080522258,"0",0
"406",0.241911888791266,"0",0
"407",0.0296984309774319,"0",0
"408",0.258344008891684,"0",0
"409",0.0229328483227756,"0",0
"410",0.131591762379244,"0",0
"411",0.103074436778215,"0",0
"412",0.70451515715584,"1",3853.55299769132
"413",0.319136826783118,"0",0
"414",0.0296020159803203,"0",0
"415",0.552757778866417,"1",3757.80039033888
"416",0.266849760048931,"0",0
"417",0.0301295465209306,"0",0
"418",0.365294110010097,"0",0
"419",0.0157122198071269,"0",0
"420",0.136395150491966,"0",0
"421",0.513305520424633,"1",3583.94732306232
"422",0.618690753450037,"1",4084.62484367972
"423",0.705575477888237,"1",3872.69904085876
"424",0.0381820842790151,"0",0
"425",0.257764433485946,"0",0
"426",0.383044832730236,"0",0
"427",0.125109591737546,"0",0
"428",0.253847272545556,"0",0
"429",0.435433163831309,"0",0
"430",0.439144353704781,"0",0
"431",0.31380645597653,"0",0
"432",0.0458064279221129,"0",0
"433",0.0364114707041939,"0",0
"434",0.0362667973156633,"0",0
"435",0.337860698979265,"0",0
"436",0.722079621180717,"1",4116.6729173023
"437",0.0587095939277665,"0",0
"438",0.062448487914214,"0",0
"439",0.20045364253839,"0",0
"440",0.169564599949262,"0",0
"441",0.028008915224876,"0",0
"442",0.212475206679956,"0",0
"443",0.0974279459202315,"0",0
"444",0.216337176644107,"0",0
"445",0.066162038851428,"0",0
"446",0.0339695649533331,"0",0
"447",0.1612958446824,"0",0
"448",0.115913076752845,"0",0
"449",0.580140297885921,"1",4059.01136440461
"450",0.67888980574644,"1",3842.91654080301
"451",0.115564233997565,"0",0
"452",0.211613687765189,"0",0
"453",0.401026698136054,"0",0
"454",0.139204541253956,"0",0
"455",0.450468713199703,"0",0
"456",0.53892828831335,"1",3973.65110214652
"457",0.362382535208006,"0",0
"458",0.756698179394509,"1",4015.91307098597
"459",0.0607786735084855,"0",0
"460",0.337434429085666,"0",0
"461",0.0511631985213021,"0",0
"462",0.0318064768749641,"0",0
"463",0.0400501124976068,"0",0
"464",0.308201053003687,"0",0
"465",0.0667036144907878,"0",0
"466",0.136627149314971,"0",0
"467",0.70218386330291,"1",3846.21436458394
"468",0.568990637446133,"1",3816.27179600961
"469",0.21318373970005,"0",0
"470",0.358563359458045,"0",0
"471",0.127123362966946,"0",0
"472",0.702899382825801,"1",3591.81240512721
"473",0.0813188506115138,"0",0
"474",0.0652598240635875,"0",0
"475",0.240228235375559,"0",0
"476",0.0423859160904693,"0",0
"477",0.439891693528784,"0",0
"478",0.794678887945436,"1",3623.10038066987
"479",0.0482112614764594,"0",0
"480",0.387423435211428,"0",0
"481",0.0848195361762359,"0",0
"482",0.256189588300259,"0",0
"483",0.192715432383586,"0",0
"484",0.344937104423376,"0",0
"485",0.740188115585063,"1",3494.89384410339
"486",0.566530624611342,"1",3859.80184402757
"487",0.206899989987709,"0",0
"488",0.450942526840582,"0",0
"489",0.234084556568574,"0",0
"490",0.645815741946321,"1",3992.63269546401
"491",0.505400714517148,"1",3753.86274627003
"492",0.133691848493282,"0",0
"493",0.145270952959169,"0",0
"494",0.28145355068003,"0",0
"495",0.123077311379458,"0",0
"496",0.523680642449902,"1",3921.72884452014
"497",0.360036433659846,"0",0
"498",0.0741409146882291,"0",0
"499",0.442189957824326,"0",0
"500",0.357666388592907,"0",0
"501",0.249652554732578,"0",0
"502",0.322159326091132,"0",0
"503",0.78897452993101,"1",3672.8187682148
"504",0.207722809171434,"0",0
"505",0.54165603992465,"1",4288.48365747348
"506",0.0694471157196382,"0",0
"507",0.408018204265496,"0",0
"508",0.229638979205482,"0",0
"509",0.248187529507053,"0",0
"510",0.290010063806865,"0",0
"511",0.0871093491780794,"0",0
"512",0.210421757282253,"0",0
"513",0.335127899594627,"0",0
"514",0.0346443592589082,"0",0
"515",0.191768822545017,"0",0
"516",0.10107813449024,"0",0
"517",0.462076066470438,"0",0
"518",0.474488259592378,"0",0
"519",0.306665582257045,"0",0
"520",0.513984855397087,"1",4208.7141512192
"521",0.212612532625553,"0",0
"522",0.181639701537722,"0",0
"523",0.241001157529969,"0",0
"524",0.344319494742175,"0",0
"525",0.166677130598113,"0",0
"526",0.0719599213797546,"0",0
"527",0.0803797135300466,"0",0
"528",0.0437295395781671,"0",0
"529",0.0142269606517052,"0",0
"530",0.192291760349721,"0",0
"531",0.0264823738454138,"0",0
"532",0.196854686975605,"0",0
"533",0.264687670441451,"0",0
"534",0.345706310965531,"0",0
"535",0.0690829403207002,"0",0
"536",0.185893300807634,"0",0
"537",0.300186312062558,"0",0
"538",0.0329971062842958,"0",0
"539",0.172795173389283,"0",0
"540",0.0405535937193302,"0",0
"541",0.0538821368308025,"0",0
"542",0.0922481963320387,"0",0
"543",0.390902361896437,"0",0
"544",0.464813942728814,"0",0
"545",0.0178292518414941,"0",0
"546",0.279433260007843,"0",0
"547",0.109963462375649,"0",0
"548",0.74050101727878,"1",4017.44438686519
"549",0.435453485631296,"0",0
"550",0.0574231360101583,"0",0
"551",0.111436169689441,"0",0
"552",0.0447874407565894,"0",0
"553",0.0737407477836779,"0",0
"554",0.37848913707588,"0",0
"555",0.103030497163168,"0",0
"556",0.105095844060174,"0",0
"557",0.397530886550007,"0",0
"558",0.0851858502682214,"0",0
"559",0.362111367568704,"0",0
"560",0.301721643073873,"0",0
"561",0.0891700596790508,"0",0
"562",0.31285279837043,"0",0
"563",0.317411478018869,"0",0
"564",0.238490054035073,"0",0
"565",0.408481018790105,"0",0
"566",0.149505143573766,"0",0
"567",0.910901154955949,"1",4165.21711245769
"568",0.308888480403133,"0",0
"569",0.434088872047167,"0",0
"570",0.635389002253065,"1",3736.37239827332
"571",0.165178953003411,"0",0
"572",0.315442577276275,"0",0
"573",0.246959427023745,"0",0
"574",0.108813910021396,"0",0
"575",0.103927008680128,"0",0
"576",0.0107492009748856,"0",0
"577",0.159281855066808,"0",0
"578",0.130728999122434,"0",0
"579",0.487961885010081,"0",0
"580",0.194142573594353,"0",0
"581",0.0611054857365418,"0",0
"582",0.605234651057334,"1",3877.50039658063
"583",0.105493527770573,"0",0
"584",0.746587442671686,"1",3523.32215055414
"585",0.0507240065037367,"0",0
"586",0.0899677483430499,"0",0
"587",0.124830509206353,"0",0
"588",0.170866810123388,"0",0
"589",0.736865769928467,"1",3578.14507284222
"590",0.568826459838473,"1",3661.63404944299
"591",0.375411689391171,"0",0
"592",0.165715368550155,"0",0
"593",0.0157360349940712,"0",0
"594",0.370964102488557,"0",0
"595",0.547645956979685,"1",3616.54529304568
"596",0.49101279251841,"0",0
"597",0.544027927226277,"1",4174.35780886156
"598",0.313964316554991,"0",0
"599",0.259056100549884,"0",0
"600",0.52980069456865,"1",3623.79108067474
"601",0.507596236481694,"1",3942.71644553661
"602",0.314670960614646,"0",0
"603",0.203152169551367,"0",0
"604",0.200419982883719,"0",0
"605",0.318981177220629,"0",0
"606",0.397620140176877,"0",0
"607",0.513859199242607,"1",4207.51092773117
"608",0.105398780680276,"0",0
"609",0.119531320820391,"0",0
"610",0.127863825648666,"0",0
"611",0.164244042686486,"0",0
"612",0.41187641350371,"0",0
"613",0.0265615780841938,"0",0
"614",0.0322310463313784,"0",0
"615",0.367843969981778,"0",0
"616",0.0367180009922001,"0",0
"617",0.0439931045177576,"0",0
"618",0.397525752049151,"0",0
"619",0.253794384290021,"0",0
"620",0.618551777673691,"1",4275.42407389657
"621",0.243543513729197,"0",0
"622",0.206593870898045,"0",0
"623",0.134054919515907,"0",0
"624",0.275038947373872,"0",0
"625",0.201872724390374,"0",0
"626",0.684527700092384,"1",4300.76324428245
"627",0.553932223143012,"1",3850.98288471734
"628",0.109087900527724,"0",0
"629",0.0542230331050561,"0",0
"630",0.505834841674712,"1",3849.51501841377
"631",0.0492545103089749,"0",0
"632",0.338017756413142,"0",0
"633",0.16930019618857,"0",0
"634",0.202825271639736,"0",0
"635",0.152518746254865,"0",0
"636",0.200370616229435,"0",0
"637",0.103236853678503,"0",0
"638",0.594937469226313,"1",4346.50423098295
"639",0.234578615967786,"0",0
"640",0.263561247064159,"0",0
"641",0.258998675901061,"0",0
"642",0.371001604632736,"0",0
"643",0.0548355873985033,"0",0
"644",0.0680341816638078,"0",0
"645",0.236663506290724,"0",0
"646",0.521876642415771,"1",4246.58995769835
"647",0.350929816446497,"0",0
"648",0.348377614861906,"0",0
"649",0.181783275566189,"0",0
"650",0.332964847633404,"0",0
"651",0.0493477556349351,"0",0
"652",0.10942952049335,"0",0
"653",0.700388457304841,"1",3612.41134964185
"654",0.0128087811659786,"0",0
"655",0.189065087005435,"0",0
"656",0.210622041430985,"0",0
"657",0.304015615010964,"0",0
"658",0.0470422521136455,"0",0
"659",0.218280178488224,"0",0
"660",0.0786865553237815,"0",0
"661",0.454150811171532,"0",0
"662",0.418970179480062,"0",0
"663",0.303907781399327,"0",0
"664",0.204436392132005,"0",0
"665",0.223925976294099,"0",0
"666",0.367709918779545,"0",0
"667",0.350292159536835,"0",0
"668",0.100210687910931,"0",0
"669",0.337768242656108,"0",0
"670",0.085393799597454,"0",0
"671",0.237614785692132,"0",0
"672",0.498288946517303,"0",0
"673",0.578015974112225,"1",3506.57173214868
"674",0.06265713335265,"0",0
"675",0.402280388481242,"0",0
"676",0.269043640139051,"0",0
"677",0.160195007955512,"0",0
"678",0.349154542349315,"0",0
"679",0.050473385749268,"0",0
"680",0.111049462397891,"0",0
"681",0.431743417130361,"0",0
"682",0.175506347893168,"0",0
"683",0.382873650501603,"0",0
"684",0.0843854754853896,"0",0
"685",0.295136632108015,"0",0
"686",0.102368541287299,"0",0
"687",0.0303483656026662,"0",0
"688",0.26476893073649,"0",0
"689",0.32721375202017,"0",0
"690",0.198840251665631,"0",0
"691",0.262003061034622,"0",0
"692",0.0912973186099467,"0",0
"693",0.0422255178245057,"0",0
"694",0.322994932919304,"0",0
"695",0.091359364041897,"0",0
"696",0.407665200092128,"0",0
"697",0.079802034838441,"0",0
"698",0.320975168459885,"0",0
"699",0.288533517953484,"0",0
"700",0.259718711631603,"0",0
"701",0.213811965345444,"0",0
"702",0.0545045745348873,"0",0
"703",0.291531320139672,"0",0
"704",0.0504520349497089,"0",0
"705",0.0983049788316148,"0",0
"706",0.15884783327542,"0",0
"707",0.274838483532589,"0",0
"708",0.729893347719286,"1",3751.71667978834
"709",0.163883955109213,"0",0
"710",0.11239312694514,"0",0
"711",0.140962361453372,"0",0
"712",0.0636625202065444,"0",0
"713",0.419623566440116,"0",0
"714",0.238910993307223,"0",0
"715",0.0446671903020102,"0",0
"716",0.0501931305336232,"0",0
"717",0.0376618996553936,"0",0
"718",0.0640589882194193,"0",0
"719",0.0733947309090683,"0",0
"720",0.147631273488751,"0",0
"721",0.538540965504188,"1",3711.52745751659
"722",0.0547034406529718,"0",0
"723",0.0757115643735833,"0",0
"724",0.0621437029691213,"0",0
"725",0.0452734550539433,"0",0
"726",0.152599944878948,"0",0
"727",0.0883945969347338,"0",0
"728",0.0769615756898308,"0",0
"729",0.0874616657150269,"0",0
"730",0.180687770072154,"0",0
"731",0.523945882943187,"1",3490.56625497651
"732",0.459625236226548,"0",0
"733",0.424040190521827,"0",0
"734",0.086650314841177,"0",0
"735",0.3689350463515,"0",0
"736",0.504161895594821,"1",3608.97000668665
"737",0.0712948747139691,"0",0
"738",0.107432980747035,"0",0
"739",0.289025347389734,"0",0
"740",0.293662860972259,"0",0
"741",0.666134333353382,"1",3692.47429718407
"742",0.282993257726118,"0",0
"743",0.622332963158256,"1",3629.66734957032
"744",0.152377909554281,"0",0
"745",0.362303979255835,"0",0
"746",0.415018009443484,"0",0
"747",0.658936287349445,"1",3855.02240372488
"748",0.156708312408282,"0",0
"749",0.110583610248701,"0",0
"750",0.295379416672575,"0",0
"751",0.116326940901101,"0",0
"752",0.369111165866091,"0",0
"753",0.497355182622199,"0",0
"754",0.495470477257777,"0",0
"755",0.0882794681336189,"0",0
"756",0.316544552310191,"0",0
"757",0.32337086768507,"0",0
"758",0.332529983720436,"0",0
"759",0.208493338812264,"0",0
"760",0.322883721818422,"0",0
"761",0.201433206617249,"0",0
"762",0.733323171118814,"1",3809.73030081292
"763",0.455569432997545,"0",0
"764",0.513873043264947,"1",4260.37349900586
"765",0.458823677418465,"0",0
"766",0.630681238486229,"1",3754.5783745289
"767",0.314370088273544,"0",0
"768",0.18947259535507,"0",0
"769",0.426862977123942,"0",0
"770",0.0738292147464343,"0",0
"771",0.467022823722527,"0",0
"772",0.520570287128786,"1",3843.64914608428
"773",0.332588203278425,"0",0
"774",0.56200688229457,"1",3792.70254426958
"775",0.052597692830444,"0",0
"776",0.354372182192602,"0",0
"777",0.0946089327708119,"0",0
"778",0.306485784158083,"0",0
"779",0.145866311117426,"0",0
"780",0.0289435813303505,"0",0
"781",0.324214595112063,"0",0
"782",0.741838001439314,"1",4110.79173125952
"783",0.0656816944508558,"0",0
"784",0.386915036325966,"0",0
"785",0.225003681361367,"0",0
"786",0.436766136940086,"0",0
"787",0.0994694323124184,"0",0
"788",0.250529268664612,"0",0
"789",0.259200873535192,"0",0
"790",0.0845669701849735,"0",0
"791",0.10312182811751,"0",0
"792",0.20898167031189,"0",0
"793",0.349239897052495,"0",0
"794",0.226679633178917,"0",0
"795",0.207367535479842,"0",0
"796",0.283194177718176,"0",0
"797",0.144407366988722,"0",0
"798",0.608708313727114,"1",3490.56625497651
"799",0.625588023097487,"1",3814.45358815996
"800",0.4316672198781,"0",0
"801",0.121094905731502,"0",0
"802",0.0467014977424391,"0",0
"803",0.0681976716267053,"0",0
"804",0.355456151187511,"0",0
"805",0.0558176226985565,"0",0
"806",0.121134057036312,"0",0
"807",0.1642916109741,"0",0
"808",0.216809384914895,"0",0
"809",0.0608689112518089,"0",0
"810",0.334584183824875,"0",0
"811",0.34697653697841,"0",0
"812",0.0669512181296371,"0",0
"813",0.0887685233906261,"0",0
"814",0.0345322415533969,"0",0
"815",0.310414070253673,"0",0
"816",0.246901592470958,"0",0
"817",0.0446956985335311,"0",0
"818",0.58143815955743,"1",4307.32672787616
"819",0.59271849130794,"1",4363.93821461276
"820",0.306874411759067,"0",0
"821",0.512026199918855,"1",3643.87876085639
"822",0.217733320494552,"0",0
"823",0.545535261567979,"1",3897.50829123322
"824",0.456169709567928,"0",0
"825",0.49869707930168,"0",0
"826",0.264043669345921,"0",0
"827",0.257204036070902,"0",0
"828",0.0670060735551395,"0",0
"829",0.0195142089170734,"0",0
"830",0.189740575466634,"0",0
"831",0.106586620038789,"0",0
"832",0.0932969980331576,"0",0
"833",0.449408644302613,"0",0
"834",0.0404487508803451,"0",0
"835",0.0818710882194264,"0",0
"836",0.149523456373547,"0",0
"837",0.318526717096987,"0",0
"838",0.183934092616749,"0",0
"839",0.0490496598858411,"0",0
"840",0.232189831067671,"0",0
"841",0.147641029657129,"0",0
"842",0.141948990669762,"0",0
"843",0.269937168438583,"0",0
"844",0.0719294203308457,"0",0
"845",0.0608571443416692,"0",0
"846",0.0657024661189381,"0",0
"847",0.401703786318398,"0",0
"848",0.271470908624425,"0",0
"849",0.673296132032924,"1",4106.4842021208
"850",0.687225214825109,"1",3834.86709281009
"851",0.587139934747768,"1",4340.29470194539
"852",0.151607168339179,"0",0
"853",0.126321156044024,"0",0
"854",0.24407596172943,"0",0
"855",0.490897378261963,"0",0
"856",0.0124713984104419,"0",0
"857",0.0763888363027876,"0",0
"858",0.139495486385036,"0",0
"859",0.758421771825435,"1",3934.8329651124
"860",0.172025072319164,"0",0
"861",0.144092577087564,"0",0
"862",0.593346726240183,"1",3773.23267088277
"863",0.26151817528844,"0",0
"864",0.0883969915705831,"0",0
"865",0.302093743072481,"0",0
"866",0.118800818033381,"0",0
"867",0.705696093285118,"1",3909.78612776949
"868",0.134450378915049,"0",0
"869",0.0356679434992812,"0",0
"870",0.619227532510215,"1",3680.52807415597
"871",0.0871778304261355,"0",0
"872",0.578919677135597,"1",4109.22483448434
"873",0.195386926022104,"0",0
"874",0.831352968221067,"1",3685.44241929328
"875",0.445048448657266,"0",0
"876",0.310332107187893,"0",0
"877",0.0557228336585895,"0",0
"878",0.161587403520383,"0",0
"879",0.0248691012065292,"0",0
"880",0.441263188797291,"0",0
"881",0.408584520182556,"0",0
"882",0.213742449868718,"0",0
"883",0.115604912167884,"0",0
"884",0.0855143224200211,"0",0
"885",0.61111284799159,"1",3682.98442705019
"886",0.323850523462158,"0",0
"887",0.700490656727128,"1",4008.26524244003
"888",0.0656036826093479,"0",0
"889",0.0774349146006444,"0",0
"890",0.154409566903473,"0",0
"891",0.379575940911748,"0",0
"892",0.165158855865219,"0",0
"893",0.0500894118318176,"0",0
"894",0.0519109183293054,"0",0
"895",0.0998269352430685,"0",0
"896",0.387681828957346,"0",0
"897",0.311680360552879,"0",0
"898",0.0768817494379327,"0",0
"899",0.361445420537018,"0",0
"900",0.339105770093665,"0",0
"901",0.0826677838066859,"0",0
"902",0.15788700202279,"0",0
"903",0.710824151403826,"1",3935.5830931416
"904",0.00899067906033451,"0",0
"905",0.0616658037355265,"0",0
"906",0.183184941804276,"0",0
"907",0.54172410762253,"1",4164.82014523262
"908",0.0780067604830004,"0",0
"909",0.455760389492597,"0",0
"910",0.444532545920042,"0",0
"911",0.667663519606313,"1",4185.51269217126
"912",0.201691191612837,"0",0
"913",0.0493186081939594,"0",0
"914",0.194910799403206,"0",0
"915",0.0644806083487842,"0",0
"916",0.398826390600691,"0",0
"917",0.754551573141553,"1",4373.93186940145
"918",0.452800809482689,"0",0
"919",0.228882575442472,"0",0
"920",0.356607315078468,"0",0
"921",0.259939796503918,"0",0
"922",0.0813618926528224,"0",0
"923",0.120079063075585,"0",0
"924",0.13047151320801,"0",0
"925",0.0689043274472797,"0",0
"926",0.0527242203255017,"0",0
"927",0.179898984948152,"0",0
"928",0.0415536080137966,"0",0
"929",0.672449278285042,"1",3615.85597409878
"930",0.0306338790997899,"0",0
"931",0.281451343259286,"0",0
"932",0.842854554344734,"1",3693.88228197481
"933",0.0450084604482246,"0",0
"934",0.538125099928031,"1",4161.24914226286
"935",0.392318704174046,"0",0
"936",0.453038407501146,"0",0
"937",0.110581062198954,"0",0
"938",0.353895001477247,"0",0
"939",0.532483070253894,"1",3986.54874111182
"940",0.325659824692842,"0",0
"941",0.751871438471139,"1",3737.44089009826
"942",0.108278981716898,"0",0
"943",0.454554477583206,"0",0
"944",0.204709739537909,"0",0
"945",0.526140169208016,"1",4358.5345221373
"946",0.108394697845312,"0",0
"947",0.294304567921108,"0",0
"948",0.216223050446584,"0",0
"949",0.0963033314661619,"0",0
"950",0.455989189844025,"0",0
"951",0.0533312896539185,"0",0
"952",0.261050597607299,"0",0
"953",0.376976356089294,"0",0
"954",0.46652316464734,"0",0
"955",0.0656963462381985,"0",0
"956",0.474917943777281,"0",0
"957",0.2590112371428,"0",0
"958",0.225680008412037,"0",0
"959",0.327385860059428,"0",0
"960",0.0442568603328163,"0",0
"961",0.496783895640615,"0",0
"962",0.283694704579657,"0",0
"963",0.401422749349642,"0",0
"964",0.103260679445295,"0",0
"965",0.0970140904329059,"0",0
"966",0.554860019882638,"1",4098.27326728261
"967",0.241720995410437,"0",0
"968",0.248499735890957,"0",0
"969",0.149092760439539,"0",0
"970",0.162769558108133,"0",0
"971",0.584823079502526,"1",4042.02500418017
"972",0.109209282071681,"0",0
"973",0.0609261973510906,"0",0
"974",0.501094371476681,"1",3762.45929520482
"975",0.0209538263358078,"0",0
"976",0.32050723674837,"0",0
"977",0.318799283234944,"0",0
"978",0.137919902941985,"0",0
"979",0.157635838426899,"0",0
"980",0.367212964871794,"0",0
"981",0.117816589838807,"0",0
"982",0.110940166317759,"0",0
"983",0.627186064071671,"1",4016.29584522647
"984",0.471115486797002,"0",0
"985",0.588462501278851,"1",3504.23303705135
"986",0.514747758111493,"1",3664.42703190822
"987",0.366668750838278,"0",0
"988",0.0635015228224217,"0",0
"989",0.29053654459033,"0",0
"990",0.457643929453044,"0",0
"991",0.15310433290515,"0",0
"992",0.0225158424268273,"0",0
"993",0.362897601979786,"0",0
"994",0.126197945587921,"0",0
"995",0.372755235112295,"0",0
"996",0.19492367339012,"0",0
"997",0.309268498734384,"0",0
"998",0.0432804321459475,"0",0
"999",0.285579936103102,"0",0
"1000",0.250131155933183,"0",0
"1001",0.362551823513982,"0",0
"1002",0.463459483745674,"0",0
"1003",0.507097968623447,"1",3920.234012215
"1004",0.141819854458474,"0",0
"1005",0.467694571925538,"0",0
"1006",0.0303026799343561,"0",0
"1007",0.135951330160892,"0",0
"1008",0.424475222297908,"0",0
"1009",0.36485185641599,"0",0
"1010",0.130274542820677,"0",0
"1011",0.393262653302211,"0",0
"1012",0.126012175780038,"0",0
"1013",0.160391069562275,"0",0
"1014",0.0632468391861779,"0",0
"1015",0.0871020159796013,"0",0
"1016",0.420388633683082,"0",0
"1017",0.140521880642265,"0",0
"1018",0.40715894368345,"0",0
"1019",0.353033220250025,"0",0
"1020",0.045024866955856,"0",0
"1021",0.181410589473455,"0",0
"1022",0.0590486835767838,"0",0
"1023",0.518235545783267,"1",4380.18952212241
"1024",0.416347615325381,"0",0
"1025",0.604596798906659,"1",4273.79442476038
"1026",0.654206480679911,"1",3581.55702259972
"1027",0.4760193027158,"0",0
"1028",0.0890294741583366,"0",0
"1029",0.214834733765014,"0",0
"1030",0.0399976872458267,"0",0
"1031",0.100589994347874,"0",0
"1032",0.0800629742459809,"0",0
"1033",0.255275485888457,"0",0
"1034",0.170210927028367,"0",0
"1035",0.257360003748478,"0",0
"1036",0.0717465620900271,"0",0
"1037",0.0604917315334123,"0",0
"1038",0.10478774214857,"0",0
"1039",0.123525903210288,"0",0
"1040",0.223602572403591,"0",0
"1041",0.239279476381162,"0",0
"1042",0.372441475879995,"0",0
"1043",0.455914505182976,"0",0
"1044",0.0427772852253763,"0",0
"1045",0.74259371014025,"1",3591.81240512721
"1046",0.0745490657259625,"0",0
"1047",0.299963276140182,"0",0
"1048",0.428417065298452,"0",0
"1049",0.452179903366835,"0",0
"1050",0.282275509561182,"0",0
"1051",0.487592435423595,"0",0
"1052",0.533917094783184,"1",4075.29220388379
"1053",0.67880860060489,"1",3636.59280781455
"1054",0.028381772739903,"0",0
"1055",0.360158290634847,"0",0
"1056",0.103017227859841,"0",0
"1057",0.238820011798886,"0",0
"1058",0.0306450818024885,"0",0
"1059",0.451497533458823,"0",0
"1060",0.61971711243253,"1",3722.5097705244
"1061",0.202974907858513,"0",0
"1062",0.758215999451055,"1",3490.56625497651
"1063",0.460974183807519,"0",0
"1064",0.103502198810911,"0",0
"1065",0.0940489383669722,"0",0
"1066",0.170242089714094,"0",0
"1067",0.0864521597975838,"0",0
"1068",0.266084921633111,"0",0
"1069",0.0563972500819868,"0",0
"1070",0.487141960088582,"0",0
"1071",0.25830062119952,"0",0
"1072",0.154871469741414,"0",0
"1073",0.291079942375978,"0",0
"1074",0.739048413304325,"1",4290.1189077905
"1075",0.191845203756336,"0",0
"1076",0.0247043314759767,"0",0
"1077",0.0371501399643811,"0",0
"1078",0.0521950892025874,"0",0
"1079",0.586438328262026,"1",3832.67471650708
"1080",0.0447760833602771,"0",0
"1081",0.619635164712479,"1",4144.62490382089
"1082",0.557690090633048,"1",3960.04025728335
"1083",0.0718643830341042,"0",0
"1084",0.316302496718157,"0",0
"1085",0.477967163968631,"0",0
"1086",0.831556032239869,"1",4301.17316883891
"1087",0.0404308894564039,"0",0
"1088",0.245713605371555,"0",0
"1089",0.214516187124139,"0",0
"1090",0.0266389269529057,"0",0
"1091",0.147161083012741,"0",0
"1092",0.0326392220895411,"0",0
"1093",0.178595761640342,"0",0
"1094",0.393835728599039,"0",0
"1095",0.21633806412883,"0",0
"1096",0.196693450380885,"0",0
"1097",0.243851735197995,"0",0
"1098",0.101958188154389,"0",0
"1099",0.358640065785663,"0",0
"1100",0.767208744548393,"1",3490.56625497651
"1101",0.03385949764575,"0",0
"1102",0.144571494084331,"0",0
"1103",0.467895163149172,"0",0
"1104",0.376397219669611,"0",0
"1105",0.309191647318872,"0",0
"1106",0.295840988277852,"0",0
"1107",0.0772738684758278,"0",0
"1108",0.222595358110696,"0",0
"1109",0.129180492773799,"0",0
"1110",0.407780273500667,"0",0
"1111",0.640016151218419,"1",3608.97000668665
"1112",0.287832868439134,"0",0
"1113",0.191892579970531,"0",0
"1114",0.243841810581798,"0",0
"1115",0.226298893555743,"0",0
"1116",0.00815159040351711,"0",0
"1117",0.293507558129469,"0",0
"1118",0.810587195677307,"1",3854.65499969651
"1119",0.496054364447418,"0",0
"1120",0.188706622778329,"0",0
"1121",0.376795286741671,"0",0
"1122",0.481109551847463,"0",0
"1123",0.0394450287272543,"0",0
"1124",0.163152876540933,"0",0
"1125",0.0811916082871718,"0",0
"1126",0.287574212711084,"0",0
"1127",0.630126138219622,"1",4491.8012427767
"1128",0.0574860956176155,"0",0
"1129",0.0519361497310972,"0",0
"1130",0.279678208656757,"0",0
"1131",0.126628070886053,"0",0
"1132",0.0919502451951469,"0",0
"1133",0.680726292266945,"1",3920.98135713146
"1134",0.0848587268713583,"0",0
"1135",0.470910978417392,"0",0
"1136",0.0541794148310061,"0",0
"1137",0.140635084454778,"0",0
"1138",0.180240873199393,"0",0
"1139",0.112292983958515,"0",0
"1140",0.229486033143939,"0",0
"1141",0.100360625294092,"0",0
"1142",0.20843309508704,"0",0
"1143",0.313405887668197,"0",0
"1144",0.373032959016301,"0",0
"1145",0.520457379829879,"1",3681.93150370841
"1146",0.0883467812258438,"0",0
"1147",0.230851864870055,"0",0
"1148",0.797056703059244,"1",4038.94422105572
"1149",0.168183597132745,"0",0
"1150",0.452430364774266,"0",0
"1151",0.459072071466623,"0",0
"1152",0.819775369578067,"1",4160.05948848082
"1153",0.190669042036351,"0",0
"1154",0.323933001099956,"0",0
"1155",0.686340309631349,"1",3756.36804209594
"1156",0.409633571526147,"0",0
"1157",0.0789882113259166,"0",0
"1158",0.249207070604175,"0",0
"1159",0.257884426032539,"0",0
"1160",0.0368732674007035,"0",0
"1161",0.129788723118216,"0",0
"1162",0.118042915079587,"0",0
"1163",0.229794115752544,"0",0
"1164",0.197848093275942,"0",0
"1165",0.0620848044783162,"0",0
"1166",0.417019831565317,"0",0
"1167",0.115754657172047,"0",0
"1168",0.415979528735345,"0",0
"1169",0.339756059492242,"0",0
"1170",0.0414113833813513,"0",0
"1171",0.483061380273739,"0",0
"1172",0.460202231799262,"0",0
"1173",0.528917410306785,"1",3726.05937962359
"1174",0.566870241735082,"1",4037.78953285903
"1175",0.0630709961431395,"0",0
"1176",0.158951856434126,"0",0
"1177",0.331299505852461,"0",0
"1178",0.0239250810404444,"0",0
"1179",0.304060020193971,"0",0
"1180",0.67291633566745,"1",3660.93613651162
"1181",0.0834259965786141,"0",0
"1182",0.805736136983534,"1",3619.30388318653
"1183",0.211467014035467,"0",0
"1184",0.272688381119039,"0",0
"1185",0.818144689900087,"1",3598.66563558531
"1186",0.0617175389679701,"0",0
"1187",0.0846652723753915,"0",0
"1188",0.0805385769272018,"0",0
"1189",0.255803097763177,"0",0
"1190",0.227218765544276,"0",0
"1191",0.344394938554275,"0",0
"1192",0.131181622247568,"0",0
"1193",0.0374495288054348,"0",0
"1194",0.562144711194944,"1",3988.44898030639
"1195",0.233198539187003,"0",0
"1196",0.0412871009689291,"0",0
"1197",0.118943374312798,"0",0
"1198",0.0475585852985797,"0",0
"1199",0.500568481871981,"1",3684.73996845098
"1200",0.401814746244257,"0",0
"1201",0.270926434142827,"0",0
"1202",0.283408904374733,"0",0
"1203",0.251880517852443,"0",0
"1204",0.25197892033859,"0",0
"1205",0.204424807785245,"0",0
"1206",0.0343592630598419,"0",0
"1207",0.556025862223173,"1",3663.72858663021
"1208",0.198837479319628,"0",0
"1209",0.22205910723023,"0",0
"1210",0.401507713333487,"0",0
"1211",0.0496165744739013,"0",0
"1212",0.282142241972318,"0",0
"1213",0.602414440326277,"1",4424.66617760272
"1214",0.0475592931609059,"0",0
"1215",0.0920021822273646,"0",0
"1216",0.0333605718112721,"0",0
"1217",0.512127211161612,"1",3974.40863038125
"1218",0.293658707028809,"0",0
"1219",0.119926080419098,"0",0
"1220",0.126260295543339,"0",0
"1221",0.0499561983604051,"0",0
"1222",0.250748931669054,"0",0
"1223",0.727459364587673,"1",4046.65058554034
"1224",0.385290723631731,"0",0
"1225",0.595603994979297,"1",3832.67471650708
"1226",0.0459024595309764,"0",0
"1227",0.0438195299977519,"0",0
"1228",0.0844008102162148,"0",0
"1229",0.321065614341804,"0",0
"1230",0.633778428471797,"1",4051.28146028758
"1231",0.113466834645263,"0",0
"1232",0.265246533297972,"0",0
"1233",0.396022322693815,"0",0
"1234",0.685509495537417,"1",3849.51501841377
"1235",0.0509926091580179,"0",0
"1236",0.0152353742476141,"0",0
"1237",0.031189182786248,"0",0
"1238",0.694666164004416,"1",3845.1147756603
"1239",0.159251709381391,"0",0
"1240",0.065620795883541,"0",0
"1241",0.335653542980305,"0",0
"1242",0.0153184520431183,"0",0
"1243",0.0283813090291188,"0",0
"1244",0.225366237182105,"0",0
"1245",0.148778594537719,"0",0
"1246",0.724020193829271,"1",4024.3425374125
"1247",0.402986985217095,"0",0
"1248",0.0158170702983902,"0",0
"1249",0.0449149046735525,"0",0
"1250",0.0616749141877754,"0",0
"1251",0.16031394500584,"0",0
"1252",0.676293635677748,"1",3685.44241929328
"1253",0.0415657038455387,"0",0
"1254",0.341917733693713,"0",0
"1255",0.259129841072149,"0",0
"1256",0.10131860117799,"0",0
"1257",0.664514850880533,"1",3807.18941522517
"1258",0.0335905454227357,"0",0
"1259",0.41390595533511,"0",0
"1260",0.191468021163474,"0",0
"1261",0.312013189344915,"0",0
"1262",0.331372394126266,"0",0
"1263",0.039699292633095,"0",0
"1264",0.712685898153808,"1",3549.61271857382
"1265",0.122956481683822,"0",0
"1266",0.283307024644622,"0",0
"1267",0.398777810928203,"0",0
"1268",0.0359003820922562,"0",0
"1269",0.459124881956852,"0",0
"1270",0.141100589639202,"0",0
"1271",0.285816632629971,"0",0
"1272",0.244591024248599,"0",0
"1273",0.316397026132602,"0",0
"1274",0.261652123418211,"0",0
"1275",0.16119925004696,"0",0
"1276",0.0462072360979563,"0",0
"1277",0.404451349220955,"0",0
"1278",0.168926121932472,"0",0
"1279",0.267421187266061,"0",0
"1280",0.095743736250798,"0",0
"1281",0.60623575702095,"1",4128.06707940373
"1282",0.22937647325232,"0",0
"1283",0.358136772074678,"0",0
"1284",0.416314321613254,"0",0
"1285",0.497766421933195,"0",0
"1286",0.237760826233144,"0",0
"1287",0.569176342724442,"1",3969.10896388147
"1288",0.237585600144311,"0",0
"1289",0.19294217871361,"0",0
"1290",0.199075868657613,"0",0
"1291",0.616692806224099,"1",4116.28057659584
"1292",0.2601822840571,"0",0
"1293",0.0185124982067637,"0",0
"1294",0.45325823434863,"0",0
"1295",0.417643838272891,"0",0
"1296",0.110494574343304,"0",0
"1297",0.263380729511105,"0",0
"1298",0.299784578302354,"0",0
"1299",0.619083694307997,"1",3777.55065374828
"1300",0.362300288137531,"0",0
"1301",0.075160495274021,"0",0
"1302",0.112631469165348,"0",0
"1303",0.071134835944612,"0",0
"1304",0.156331148716652,"0",0
"1305",0.0286731112098461,"0",0
"1306",0.0992061274452235,"0",0
"1307",0.596930264979599,"1",4198.69779321918
"1308",0.491208841307594,"0",0
"1309",0.0775584161721548,"0",0
"1310",0.709979342409728,"1",3615.85597409878
"1311",0.461979213129084,"0",0
"1312",0.239610438352187,"0",0
"1313",0.844982007438879,"1",3812.63624656931
"1314",0.208478938840353,"0",0
"1315",0.0448974976520268,"0",0
"1316",0.0491459659852491,"0",0
"1317",0.183635031091481,"0",0
"1318",0.0542330643892732,"0",0
"1319",0.0817543035561557,"0",0
"1320",0.746943587711325,"1",3831.94420296852
"1321",0.17169171877338,"0",0
"1322",0.480077202847175,"0",0
"1323",0.661776769332463,"1",3490.56625497651
"1324",0.0324272437375104,"0",0
"1325",0.0818075803342841,"0",0
"1326",0.464008684693498,"0",0
"1327",0.158032032871627,"0",0
"1328",0.329223308501355,"0",0
"1329",0.022004372380047,"0",0
"1330",0.259890775278843,"0",0
"1331",0.07174584930453,"0",0
"1332",0.135873535227461,"0",0
"1333",0.100522046326161,"0",0
"1334",0.112136938976158,"0",0
"1335",0.383806450132774,"0",0
"1336",0.32307757484234,"0",0
"1337",0.159497728277534,"0",0
"1338",0.0319485693119205,"0",0
"1339",0.333581899986004,"0",0
"1340",0.293300753575733,"0",0
"1341",0.156671937205677,"0",0
"1342",0.495956548162135,"0",0
"1343",0.0327166334697064,"0",0
"1344",0.146425801218915,"0",0
"1345",0.616948395854039,"1",4346.91851531293
"1346",0.0414965039774776,"0",0
"1347",0.177244684835796,"0",0
"1348",0.364173502297076,"0",0
"1349",0.0404457379284867,"0",0
"1350",0.265064051376975,"0",0
"1351",0.196730766024861,"0",0
"1352",0.558414068399921,"1",3760.30831411469
"1353",0.205917286297171,"0",0
"1354",0.239747903834397,"0",0
"1355",0.0605676408841989,"0",0
"1356",0.0176704749795069,"0",0
"1357",0.171546889171299,"0",0
"1358",0.467716843909998,"0",0
"1359",0.0658805881544053,"0",0
"1360",0.221307047575389,"0",0
"1361",0.0215054574474232,"0",0
"1362",0.0549777339743153,"0",0
"1363",0.626037257121608,"1",4295.0284009362
"1364",0.0974905117423022,"0",0
"1365",0.0944733021843374,"0",0
"1366",0.191031842262075,"0",0
"1367",0.560040308346365,"1",4048.19362200297
"1368",0.671129300198004,"1",3615.85597409878
"1369",0.27012575230852,"0",0
"1370",0.540770680856721,"1",4126.88691199591
"1371",0.260908249764124,"0",0
"1372",0.0702754057515281,"0",0
"1373",0.0427503792739256,"0",0
"1374",0.265502205860217,"0",0
"1375",0.225478303917067,"0",0
"1376",0.387229750795544,"0",0
"1377",0.33395620335163,"0",0
"1378",0.390937335810958,"0",0
"1379",0.0624784984389111,"0",0
"1380",0.231155420728859,"0",0
"1381",0.602127383212787,"1",4332.02912718502
"1382",0.694235174781823,"1",4000.63197827344
"1383",0.502377810688992,"1",3716.83742817615
"1384",0.0315195867093228,"0",0
"1385",0.343770895674417,"0",0
"1386",0.0503836867106066,"0",0
"1387",0.0772802351236687,"0",0
"1388",0.0917726829883886,"0",0
"1389",0.0307300527927739,"0",0
"1390",0.37974984301052,"0",0
"1391",0.636616434811456,"1",3643.53147993414
"1392",0.51383159005278,"1",4018.5932569528
"1393",0.0601051506348184,"0",0
"1394",0.499565131336811,"0",0
"1395",0.121423753939124,"0",0
"1396",0.131109323196756,"0",0
"1397",0.263950985723692,"0",0
"1398",0.485616137496215,"0",0
"1399",0.447126765285566,"0",0
"1400",0.302810703356017,"0",0
"1401",0.231957076609129,"0",0
"1402",0.123823164548798,"0",0
"1403",0.683027171680989,"1",3866.42931453841
"1404",0.524953404476724,"1",3650.48339114133
"1405",0.369662881760264,"0",0
"1406",0.361965450520265,"0",0
"1407",0.12775632148785,"0",0
"1408",0.248601801936837,"0",0
"1409",0.0828906917275043,"0",0
"1410",0.576417941319078,"1",3620.33889688404
"1411",0.121548206801272,"0",0
"1412",0.244583488328734,"0",0
"1413",0.0517399558605306,"0",0
"1414",0.21840855733665,"0",0
"1415",0.0194804232075844,"0",0
"1416",0.0319915665151288,"0",0
"1417",0.12262229024057,"0",0
"1418",0.0480031891918979,"0",0
"1419",0.413375702520935,"0",0
"1420",0.101231983371792,"0",0
"1421",0.02946838895515,"0",0
"1422",0.828898113612829,"1",3831.57899841477
"1423",0.487930270718129,"0",0
"1424",0.101230887893412,"0",0
"1425",0.474362697224984,"0",0
"1426",0.847346644812898,"1",3747.42822681326
"1427",0.0395054367020759,"0",0
"1428",0.203240048899026,"0",0
"1429",0.431876735879326,"0",0
"1430",0.06546615505386,"0",0
"1431",0.371461586426565,"0",0
"1432",0.0295972716865892,"0",0
"1433",0.0911255962420069,"0",0
"1434",0.196106968304786,"0",0
"1435",0.138637250124109,"0",0
"1436",0.336710372898396,"0",0
"1437",0.372068740349903,"0",0
"1438",0.497103920914376,"0",0
"1439",0.119394528864063,"0",0
"1440",0.0334862459980873,"0",0
"1441",0.0716808140474523,"0",0
"1442",0.642825720112753,"1",3747.07107707912
"1443",0.518509423786927,"1",3650.48339114133
"1444",0.0825315782881306,"0",0
"1445",0.21212467404221,"0",0
"1446",0.529129801576213,"1",3633.12842853191
"1447",0.408270814172733,"0",0
"1448",0.310279474132735,"0",0
"1449",0.191165892380492,"0",0
"1450",0.0992603659034471,"0",0
"1451",0.10097184225391,"0",0
"1452",0.31245605489146,"0",0
"1453",0.322939707074944,"0",0
"1454",0.0483967036759018,"0",0
"1455",0.071747769015681,"0",0
"1456",0.154474493991893,"0",0
"1457",0.679694071011018,"1",3768.91962374883
"1458",0.0604299751110192,"0",0
"1459",0.106086736481614,"0",0
"1460",0.0704948558352427,"0",0
"1461",0.015655867944914,"0",0
"1462",0.139511010240652,"0",0
"1463",0.0362372463007579,"0",0
"1464",0.373075673179458,"0",0
"1465",0.246187670834284,"0",0
"1466",0.389129914807673,"0",0
"1467",0.0487465736255337,"0",0
"1468",0.0979900929660834,"0",0
"1469",0.178432678757831,"0",0
"1470",0.42105203784615,"0",0
"1471",0.219975266532949,"0",0
"1472",0.12770119793399,"0",0
"1473",0.0792956797024312,"0",0
"1474",0.176123889737049,"0",0
"1475",0.333140613754678,"0",0
"1476",0.0150417135770961,"0",0
"1477",0.473303685341273,"0",0
"1478",0.211681681746639,"0",0
"1479",0.159410292112466,"0",0
"1480",0.066789062473682,"0",0
"1481",0.419884791658488,"0",0
"1482",0.0226985281606798,"0",0
"1483",0.387718086657105,"0",0
"1484",0.282937628863806,"0",0
"1485",0.448609038271693,"0",0
"1486",0.331546835155895,"0",0
"1487",0.173914215546068,"0",0
"1488",0.316446649757367,"0",0
"1489",0.673076927474376,"1",3692.82624306031
"1490",0.201709861426784,"0",0
"1491",0.193404151209907,"0",0
"1492",0.695182505081745,"1",3584.97222583098
"1493",0.127989534825164,"0",0
"1494",0.0542365614337734,"0",0
"1495",0.681804259953178,"1",3840.71956266673
"1496",0.276968953371113,"0",0
"1497",0.136801661831008,"0",0
"1498",0.044771455198077,"0",0
"1499",0.0413827825724947,"0",0
"1500",0.0476479739525794,"0",0
"1501",0.0353474812826256,"0",0
"1502",0.420466589956553,"0",0
"1503",0.280551884359421,"0",0
"1504",0.775591073133773,"1",3752.43189892574
"1505",0.159350705040481,"0",0
"1506",0.376662152906179,"0",0
"1507",0.488804653695452,"0",0
"1508",0.332036274502185,"0",0
"1509",0.275170719929681,"0",0
"1510",0.153702560038409,"0",0
"1511",0.0428591799416329,"0",0
"1512",0.199275944449212,"0",0
"1513",0.0933757626029761,"0",0
"1514",0.236145389723978,"0",0
"1515",0.332924662687296,"0",0
"1516",0.380433245804684,"0",0
"1517",0.0448625811366288,"0",0
"1518",0.385315821467144,"0",0
"1519",0.240962949817719,"0",0
"1520",0.0830645844516322,"0",0
"1521",0.383506653561087,"0",0
"1522",0.0894713976736164,"0",0
"1523",0.160952036420718,"0",0
"1524",0.37406155773318,"0",0
"1525",0.0218820419823544,"0",0
"1526",0.375825184129893,"0",0
"1527",0.192455737898213,"0",0
"1528",0.406028518828468,"0",0
"1529",0.559131039762342,"1",4072.57420276321
"1530",0.631694455845316,"1",3829.75349766852
"1531",0.45980505616348,"0",0
"1532",0.476090473351321,"0",0
"1533",0.0448044939371047,"0",0
"1534",0.0650701483674244,"0",0
"1535",0.402364192942056,"0",0
"1536",0.327319673949204,"0",0
"1537",0.167431497804914,"0",0
"1538",0.383672232743633,"0",0
"1539",0.703445301583768,"1",3935.20801125335
"1540",0.676046540136763,"1",3950.23920602199
"1541",0.0757132430464656,"0",0
"1542",0.26556686236178,"0",0
"1543",0.0923540013646458,"0",0
"1544",0.45968268667552,"0",0
"1545",0.559881099334195,"1",3624.13648005318
"1546",0.260662338054965,"0",0
"1547",0.0966030720836386,"0",0
"1548",0.314684959156315,"0",0
"1549",0.108287905716392,"0",0
"1550",0.189726579822446,"0",0
"1551",0.318728420283475,"0",0
"1552",0.150207713238722,"0",0
"1553",0.161478045478962,"0",0
"1554",0.591479378317315,"1",3664.42703190822
"1555",0.265519521882041,"0",0
"1556",0.105679081390052,"0",0
"1557",0.214511809236659,"0",0
"1558",0.0452009878535158,"0",0
"1559",0.41667834609069,"0",0
"1560",0.262611302181259,"0",0
"1561",0.174873889118675,"0",0
"1562",0.582771323391979,"1",4473.85644487082
"1563",0.355790281054529,"0",0
"1564",0.392779306050655,"0",0
"1565",0.734403613186012,"1",4155.30427346526
"1566",0.167824288861076,"0",0
"1567",0.126770750439314,"0",0
"1568",0.201608186296683,"0",0
"1569",0.217291044920617,"0",0
"1570",0.433629054198469,"0",0
"1571",0.549381254319617,"1",3782.2340449064
"1572",0.0937169950514715,"0",0
"1573",0.0479020711626763,"0",0
"1574",0.448777826270827,"0",0
"1575",0.0874590203107297,"0",0
"1576",0.480520832565746,"0",0
"1577",0.273463493881252,"0",0
"1578",0.073662713044934,"0",0
"1579",0.149885937640274,"0",0
"1580",0.241327301168518,"0",0
"1581",0.282080021043151,"0",0
"1582",0.0419074132723501,"0",0
"1583",0.253961063968371,"0",0
"1584",0.0629028718381128,"0",0
"1585",0.108771810855095,"0",0
"1586",0.0709955155296014,"0",0
"1587",0.0337422590101187,"0",0
"1588",0.313266616993381,"0",0
"1589",0.034668902270358,"0",0
"1590",0.42111149996268,"0",0
"1591",0.315947617217214,"0",0
"1592",0.749842675621179,"1",3605.53194210709
"1593",0.0907679994086783,"0",0
"1594",0.190882360615361,"0",0
"1595",0.105708881219299,"0",0
"1596",0.166306110494063,"0",0
"1597",0.304576881597419,"0",0
"1598",0.214589834581929,"0",0
"1599",0.194597119785107,"0",0
"1600",0.383350330287693,"0",0
"1601",0.476757279256829,"0",0
"1602",0.342130821509819,"0",0
"1603",0.300776936856162,"0",0
"1604",0.571921455301995,"1",3866.79784082823
"1605",0.277642387455722,"0",0
"1606",0.743211616454832,"1",4444.10761727048
"1607",0.0289875713627978,"0",0
"1608",0.0964833227261903,"0",0
"1609",0.227729916725738,"0",0
"1610",0.769726987755786,"1",3825.37584360169
"1611",0.408305507433763,"0",0
"1612",0.121501333840293,"0",0
"1613",0.0794700969007855,"0",0
"1614",0.434057571297142,"0",0
"1615",0.295770544117054,"0",0
"1616",0.512451654771885,"1",3777.19063318751
"1617",0.1487256115773,"0",0
"1618",0.544467329437417,"1",3802.4751228168
"1619",0.265782212622794,"0",0
"1620",0.328414795530284,"0",0
"1621",0.592823947078253,"1",3662.68116831411
"1622",0.06523137139072,"0",0
"1623",0.629670200456529,"1",3972.89371829781
"1624",0.24474413009557,"0",0
"1625",0.245333941090685,"0",0
"1626",0.215727898106897,"0",0
"1627",0.329124717234024,"0",0
"1628",0.080761741697826,"0",0
"1629",0.141431227302291,"0",0
"1630",0.769328699621516,"1",3592.15475647822
"1631",0.139285597743385,"0",0
"1632",0.644375920398346,"1",3749.57184020321
"1633",0.128665954128869,"0",0
"1634",0.418827713619173,"0",0
"1635",0.210148274943007,"0",0
"1636",0.275475389343933,"0",0
"1637",0.506806733061652,"1",3833.40536930917
"1638",0.270570719612384,"0",0
"1639",0.241642982122312,"0",0
"1640",0.28704504904831,"0",0
"1641",0.0606253821109684,"0",0
"1642",0.286294423015522,"0",0
"1643",0.25388759187363,"0",0
"1644",0.181252759304407,"0",0
"1645",0.310725772478662,"0",0
"1646",0.0231697251930523,"0",0
"1647",0.250772812917537,"0",0
"1648",0.185024004876282,"0",0
"1649",0.0436705814458119,"0",0
"1650",0.482637174757062,"0",0
"1651",0.187384648344177,"0",0
"1652",0.0176195694488626,"0",0
"1653",0.279539860540612,"0",0
"1654",0.0453294082969189,"0",0
"1655",0.534116167151229,"1",3803.56251806284
"1656",0.33001292448686,"0",0
"1657",0.00951452285083967,"0",0
"1658",0.103212561352739,"0",0
"1659",0.207777690421239,"0",0
"1660",0.124939183482339,"0",0
"1661",0.502939779852727,"1",3680.52807415597
"1662",0.617743132553887,"1",4154.11631925356
"1663",0.525914463414055,"1",3585.31392521457
"1664",0.606525659403844,"1",3910.53148092391
"1665",0.853252520827853,"1",4230.0279257503
"1666",0.0235292079597221,"0",0
"1667",0.397090588545235,"0",0
"1668",0.302089398552876,"0",0
"1669",0.829945085833695,"1",3794.14874729453
"1670",0.154255817624313,"0",0
"1671",0.600691976594653,"1",3807.55229510107
"1672",0.281340497657594,"0",0
"1673",0.648493850866879,"1",3750.28665045305
"1674",0.209620382050415,"0",0
"1675",0.0473321106489008,"0",0
"1676",0.225853839401963,"0",0
"1677",0.0787558216445672,"0",0
"1678",0.0645595447772542,"0",0
"1679",0.227071619310126,"0",0
"1680",0.323873609965265,"0",0
"1681",0.0947702438589228,"0",0
"1682",0.771509491797907,"1",3490.56625497651
"1683",0.642696478904925,"1",3672.46872915676
"1684",0.299509713203127,"0",0
"1685",0.424974939728153,"0",0
"1686",0.16964776343537,"0",0
"1687",0.045343114457135,"0",0
"1688",0.362364204123825,"0",0
"1689",0.0244819067600335,"0",0
"1690",0.0738378928805839,"0",0
"1691",0.0694431236614758,"0",0
"1692",0.0836314918682865,"0",0
"1693",0.0764081043273643,"0",0
"1694",0.355173593802524,"0",0
"1695",0.301431281461592,"0",0
"1696",0.608882746124776,"1",3490.56625497651
"1697",0.153145049589564,"0",0
"1698",0.553173395076539,"1",4132.0034087542
"1699",0.839506379440933,"1",3703.04727875371
"1700",0.0570483634452868,"0",0
"1701",0.427239415168728,"0",0
"1702",0.0365536542223189,"0",0
"1703",0.0931464000115293,"0",0
"1704",0.332998980456001,"0",0
"1705",0.213717989974766,"0",0
"1706",0.127881045119854,"0",0
"1707",0.580104206789444,"1",4010.5580604806
"1708",0.269957987390803,"0",0
"1709",0.791371351691042,"1",3833.04002549852
"1710",0.0792869429851489,"0",0
"1711",0.28230460000261,"0",0
"1712",0.0223929888973872,"0",0
"1713",0.41196121849385,"0",0
"1714",0.244660424746024,"0",0
"1715",0.416724702167095,"0",0
"1716",0.0510489540191475,"0",0
"1717",0.0903413406806687,"0",0
"1718",0.0692477807338338,"0",0
"1719",0.334021952432806,"0",0
"1720",0.0822753075359906,"0",0
"1721",0.2857410405712,"0",0
"1722",0.369637413392817,"0",0
"1723",0.238792516000751,"0",0
"1724",0.341727664259936,"0",0
"1725",0.385962243683099,"0",0
"1726",0.00842078286890758,"0",0
"1727",0.113880964605738,"0",0
"1728",0.34254742221464,"0",0
"1729",0.705030974008365,"1",3785.11901735973
"1730",0.431257297192666,"0",0
"1731",0.390445706086237,"0",0
"1732",0.0723302522455503,"0",0
"1733",0.0304412145485439,"0",0
"1734",0.351455154565705,"0",0
"1735",0.170807293640542,"0",0
"1736",0.0919487036219802,"0",0
"1737",0.372850897656237,"0",0
"1738",0.17675484671572,"0",0
"1739",0.352265021411645,"0",0
"1740",0.0532617342036447,"0",0
"1741",0.845807160596001,"1",3693.88228197481
"1742",0.223075276250812,"0",0
"1743",0.0471849294081875,"0",0
"1744",0.0488821200734372,"0",0
"1745",0.311929717801104,"0",0
"1746",0.180228314773851,"0",0
"1747",0.217337073725653,"0",0
"1748",0.29631684355346,"0",0
"1749",0.467358372173824,"0",0
"1750",0.267999019207116,"0",0
"1751",0.195014709053686,"0",0
"1752",0.346523315710467,"0",0
"1753",0.146317936356613,"0",0
"1754",0.534922690221262,"1",3655.70602789185
"1755",0.0625587742143945,"0",0
"1756",0.139978709591925,"0",0
"1757",0.161205993131922,"0",0
"1758",0.517464923303104,"1",3949.48628451573
"1759",0.182687448944266,"0",0
"1760",0.187395717479121,"0",0
"1761",0.61096015398239,"1",4008.64728773253
"1762",0.0503507490930595,"0",0
"1763",0.191066360545326,"0",0
"1764",0.107360196828041,"0",0
"1765",0.398659046335463,"0",0
"1766",0.742150686292681,"1",3619.30388318653
"1767",0.128866268205672,"0",0
"1768",0.286947324280932,"0",0
"1769",0.0949042658274487,"0",0
"1770",0.100633389274106,"0",0
"1771",0.022213182000547,"0",0
"1772",0.189686642761506,"0",0
"1773",0.261784713475267,"0",0
"1774",0.700835640954757,"1",4273.38710954307
"1775",0.311701171857491,"0",0
"1776",0.0739295017318471,"0",0
"1777",0.495733731999946,"0",0
"1778",0.385511314679292,"0",0
"1779",0.521833360558701,"1",3686.84772274454
"1780",0.378206022162285,"0",0
"1781",0.186435512673717,"0",0
"1782",0.0790312370962925,"0",0
"1783",0.342366652569887,"0",0
"1784",0.268951574120295,"0",0
"1785",0.262617713612201,"0",0
"1786",0.105254374885462,"0",0
"1787",0.142398898622582,"0",0
"1788",0.0359920433920767,"0",0
"1789",0.742564200295171,"1",3626.20956778575
"1790",0.377941129331555,"0",0
"1791",0.0830449372516381,"0",0
"1792",0.186332163334738,"0",0
"1793",0.300056800555263,"0",0
"1794",0.248827238445104,"0",0
"1795",0.285996738323512,"0",0
"1796",0.423506416370504,"0",0
"1797",0.0398612487483203,"0",0
"1798",0.264196950443352,"0",0
"1799",0.059480075889593,"0",0
"1800",0.388856543441185,"0",0
"1801",0.442191418121989,"0",0
"1802",0.195882174908059,"0",0
"1803",0.147964499008216,"0",0
"1804",0.317742179086239,"0",0
"1805",0.151517885538682,"0",0
"1806",0.368034942720299,"0",0
"1807",0.612686515821363,"1",3697.05221103888
"1808",0.589632628593448,"1",3793.78714484764
"1809",0.181380861993572,"0",0
"1810",0.151035923026769,"0",0
"1811",0.162249043736672,"0",0
"1812",0.0777912713024558,"0",0
"1813",0.606351634318732,"1",4133.57899127328
"1814",0.305880670215424,"0",0
"1815",0.37521387138714,"0",0
"1816",0.0954952707139385,"0",0
"1817",0.0602237146184843,"0",0
"1818",0.166805531765024,"0",0
"1819",0.289431856074082,"0",0
"1820",0.339577587998545,"0",0
"1821",0.061407536542692,"0",0
"1822",0.206050058391882,"0",0
"1823",0.0487470215338959,"0",0
"1824",0.334816372843886,"0",0
"1825",0.328177125083915,"0",0
"1826",0.768154029340954,"1",3760.30831411469
"1827",0.29242643973612,"0",0
"1828",0.419682060881558,"0",0
"1829",0.0169558025569778,"0",0
"1830",0.313545981550335,"0",0
"1831",0.206850083694488,"0",0
"1832",0.092615881876184,"0",0
"1833",0.164564056878258,"0",0
"1834",0.119911754748746,"0",0
"1835",0.393782677783148,"0",0
"1836",0.171518127034277,"0",0
"1837",0.0997626856075266,"0",0
"1838",0.776612243230124,"1",4093.19853722739
"1839",0.0714274811151699,"0",0
"1840",0.651363901160838,"1",3783.31565180374
"1841",0.0663210132089598,"0",0
"1842",0.114401691479662,"0",0
"1843",0.307316227819527,"0",0
"1844",0.225294500505977,"0",0
"1845",0.0552492325435498,"0",0
"1846",0.0898596826813809,"0",0
"1847",0.147422799101498,"0",0
"1848",0.10056779431488,"0",0
"1849",0.333807533708507,"0",0
"1850",0.144081113826153,"0",0
"1851",0.314772248908402,"0",0
"1852",0.248361820581939,"0",0
"1853",0.234893798576814,"0",0
"1854",0.0156842362559999,"0",0
"1855",0.0230544314859254,"0",0
"1856",0.27665126136517,"0",0
"1857",0.082553234456223,"0",0
"1858",0.255353478304399,"0",0
"1859",0.13161583319803,"0",0
"1860",0.0524915384819805,"0",0
"1861",0.358277440639355,"0",0
"1862",0.0322843763446562,"0",0
"1863",0.170422828431955,"0",0
"1864",0.229437884955163,"0",0
"1865",0.39120384252757,"0",0
"1866",0.190696025088247,"0",0
"1867",0.105225366081795,"0",0
"1868",0.0654682157403981,"0",0
"1869",0.355580374513558,"0",0
"1870",0.4349824213145,"0",0
"1871",0.626609153696792,"1",3952.49883186218
"1872",0.235763529795649,"0",0
"1873",0.0641250535030507,"0",0
"1874",0.0678047151544466,"0",0
"1875",0.340327689571379,"0",0
"1876",0.188545163893472,"0",0
"1877",0.0349418536297483,"0",0
"1878",0.701090323773414,"1",3588.39068563837
"1879",0.34575012129707,"0",0
"1880",0.391919367900614,"0",0
"1881",0.183890950941534,"0",0
"1882",0.0938771000129749,"0",0
"1883",0.069253878499202,"0",0
"1884",0.164828606075787,"0",0
"1885",0.393961622593345,"0",0
"1886",0.263651799082496,"0",0
"1887",0.160719450741343,"0",0
"1888",0.145840919789546,"0",0
"1889",0.39071774620635,"0",0
"1890",0.274044520694538,"0",0
"1891",0.0863627483488492,"0",0
"1892",0.25263253874448,"0",0
"1893",0.0351712308212559,"0",0
"1894",0.0319737614892796,"0",0
"1895",0.333236597313309,"0",0
"1896",0.198491642940643,"0",0
"1897",0.242383936410602,"0",0
"1898",0.180973790548222,"0",0
"1899",0.149000535516026,"0",0
"1900",0.569588015850048,"1",3686.84772274454
"1901",0.192464793815283,"0",0
"1902",0.359679538085192,"0",0
"1903",0.0445974088581721,"0",0
"1904",0.36136558274454,"0",0
"1905",0.284057629580004,"0",0
"1906",0.0380592202897488,"0",0
"1907",0.0307917571740521,"0",0
"1908",0.276803457206226,"0",0
"1909",0.392815364105981,"0",0
"1910",0.716691490292123,"1",3710.11274697313
"1911",0.347241053827812,"0",0
"1912",0.389349841555565,"0",0
"1913",0.0747022419987769,"0",0
"1914",0.295116809246251,"0",0
"1915",0.442055589689087,"0",0
"1916",0.407238131917164,"0",0
"1917",0.129985468618695,"0",0
"1918",0.0394149122833472,"0",0
"1919",0.0709341193945087,"0",0
"1920",0.261366247380951,"0",0
"1921",0.0405189334650001,"0",0
"1922",0.383877778516173,"0",0
"1923",0.116950665489099,"0",0
"1924",0.15707098786671,"0",0
"1925",0.323009083973853,"0",0
"1926",0.0136685522327034,"0",0
"1927",0.15523850288083,"0",0
"1928",0.193412882061644,"0",0
"1929",0.0246278857056807,"0",0
"1930",0.191765450754437,"0",0
"1931",0.021870140102193,"0",0
"1932",0.288120937880391,"0",0
"1933",0.528260201744861,"1",3874.1757475085
"1934",0.509744534608767,"1",4300.35335879398
"1935",0.139784160939755,"0",0
"1936",0.498289043667453,"0",0
"1937",0.249300133480878,"0",0
"1938",0.0361622650232936,"0",0
"1939",0.138705637600515,"0",0
"1940",0.131496643673941,"0",0
"1941",0.0766144152833356,"0",0
"1942",0.067476800873313,"0",0
"1943",0.146495595526958,"0",0
"1944",0.0525234664495722,"0",0
"1945",0.0225515839650363,"0",0
"1946",0.308675512442275,"0",0
"1947",0.553231171923631,"1",3490.56625497651
"1948",0.0684524178553416,"0",0
"1949",0.705332955652884,"1",3490.56625497651
"1950",0.0503831279851399,"0",0
"1951",0.279631143903323,"0",0
"1952",0.170775790137592,"0",0
"1953",0.502363607756081,"1",3743.50145130685
"1954",0.434971825406822,"0",0
"1955",0.204091604839279,"0",0
"1956",0.390875029199504,"0",0
"1957",0.0755405590024713,"0",0
"1958",0.129185598099843,"0",0
"1959",0.266458482826297,"0",0
"1960",0.36190205374394,"0",0
"1961",0.682427204438846,"1",4086.5718320968
"1962",0.339651711553544,"0",0
"1963",0.321764379397071,"0",0
"1964",0.271643601162653,"0",0
"1965",0.266398446243291,"0",0
"1966",0.0597741480656068,"0",0
"1967",0.162494798139868,"0",0
"1968",0.516192839537892,"1",3803.92505224331
"1969",0.0266859771443761,"0",0
"1970",0.0315793643931268,"0",0
"1971",0.0518415793469511,"0",0
"1972",0.0699022407339718,"0",0
"1973",0.465479962183206,"0",0
"1974",0.636396985062178,"1",3688.60510563439
"1975",0.0737636760794847,"0",0
"1976",0.317577422247088,"0",0
"1977",0.0185342903435941,"0",0
"1978",0.488706198109397,"0",0
"1979",0.31644527362546,"0",0
"1980",0.19501829117815,"0",0
"1981",0.177978021953183,"0",0
"1982",0.399784047148013,"0",0
"1983",0.207096772484739,"0",0
"1984",0.112291217264184,"0",0
"1985",0.180360076861914,"0",0
"1986",0.291359464773558,"0",0
"1987",0.239946247904093,"0",0
"1988",0.130139761674346,"0",0
"1989",0.12590290263483,"0",0
"1990",0.447541328286238,"0",0
"1991",0.0435060993978833,"0",0
"1992",0.706317087951358,"1",3795.2337614438
"1993",0.554494293320169,"1",3909.41350446851
"1994",0.540118119648757,"1",4035.48114670793
"1995",0.148179598802608,"0",0
"1996",0.18592219708551,"0",0
"1997",0.319614328062472,"0",0
"1998",0.688509909720385,"1",3985.78889895382
"1999",0.358159211734841,"0",0
"2000",0.157102413138699,"0",0
"2001",0.472329899435495,"0",0
"2002",0.401978156545253,"0",0
"2003",0.674334044469557,"1",3849.88193252805
"2004",0.0403836013851397,"0",0
"2005",0.57746579016407,"1",3832.30944233152
"2006",0.148537766289927,"0",0
"2007",0.546547687583715,"1",4866.20341958162
"2008",0.0422804716096612,"0",0
"2009",0.277096511112044,"0",0
"2010",0.503211810211578,"1",3684.03765149685
"2011",0.412008559847318,"0",0
"2012",0.110302401918995,"0",0
"2013",0.847183848807949,"1",3490.56625497651
"2014",0.0406775338092567,"0",0
"2015",0.204013071377223,"0",0
"2016",0.5285766717617,"1",3915.00658474137
"2017",0.0913297263870368,"0",0
"2018",0.66894075344265,"1",3598.66563558531
"2019",0.362103303047709,"0",0
"2020",0.0771525166074844,"0",0
"2021",0.0357728554207394,"0",0
"2022",0.184577964576637,"0",0
"2023",0.332576237947263,"0",0
"2024",0.267953599768888,"0",0
"2025",0.220691619442667,"0",0
"2026",0.0595028592962457,"0",0
"2027",0.184736896544412,"0",0
"2028",0.173552921068784,"0",0
"2029",0.17001700340986,"0",0
"2030",0.583989673445806,"1",3612.41134964185
"2031",0.130600485549142,"0",0
"2032",0.151788774888133,"0",0
"2033",0.0307542745617381,"0",0
"2034",0.0983252214458546,"0",0
"2035",0.575205810182762,"1",3965.32781498971
"2036",0.383647932416766,"0",0
"2037",0.222566734190757,"0",0
"2038",0.102017643470706,"0",0
"2039",0.566245413510441,"1",3946.09991325377
"2040",0.11502681998692,"0",0
"2041",0.0804857845737036,"0",0
"2042",0.0228220847841588,"0",0
"2043",0.227063685903724,"0",0
"2044",0.286342265944254,"0",0
"2045",0.0332663612843917,"0",0
"2046",0.0735253611168482,"0",0
"2047",0.065947645917274,"0",0
"2048",0.397034870474188,"0",0
"2049",0.248868006221885,"0",0
"2050",0.243743833448632,"0",0
"2051",0.266012404792078,"0",0
"2052",0.278393704933665,"0",0
"2053",0.36537558302409,"0",0
"2054",0.102565321191872,"0",0
"2055",0.607538537894028,"1",3658.14581476512
"2056",0.0429910986439402,"0",0
"2057",0.348631001067054,"0",0
"2058",0.299030518790427,"0",0
"2059",0.0752516195276962,"0",0
"2060",0.144450536600519,"0",0
"2061",0.254933872279585,"0",0
"2062",0.325023794317704,"0",0
"2063",0.440312184610454,"0",0
"2064",0.262561667402648,"0",0
"2065",0.321382216109524,"0",0
"2066",0.0922597115061434,"0",0
"2067",0.332040672088042,"0",0
"2068",0.828558051491929,"1",3653.61607716544
"2069",0.26233931035692,"0",0
"2070",0.0185418841293377,"0",0
"2071",0.155447394868731,"0",0
"2072",0.24340614409992,"0",0
"2073",0.413841874313742,"0",0
"2074",0.407403574595027,"0",0
"2075",0.0263476806323551,"0",0
"2076",0.0837497611449426,"0",0
"2077",0.65448371066612,"1",3790.89556565118
"2078",0.254168039687147,"0",0
"2079",0.236391097821286,"0",0
"2080",0.881977317208564,"1",3682.98442705019
"2081",0.0360358673462139,"0",0
"2082",0.380654574989265,"0",0
"2083",0.337104804163097,"0",0
"2084",0.031001783376898,"0",0
"2085",0.0417880595157835,"0",0
"2086",0.0678371743539275,"0",0
"2087",0.317459870055296,"0",0
"2088",0.520278688203667,"1",3929.21156035666
"2089",0.120430393354291,"0",0
"2090",0.513441431001905,"1",3884.15825638083
"2091",0.113825222111384,"0",0
"2092",0.0482246610320022,"0",0
"2093",0.455354863132776,"0",0
"2094",0.15161768819308,"0",0
"2095",0.394943451166686,"0",0
"2096",0.628238029690039,"1",3839.25560839939
"2097",0.254245745130127,"0",0
"2098",0.399614177324825,"0",0
"2099",0.614032826968623,"1",4442.83709746887
"2100",0.507027126646082,"1",3684.73996845098
"2101",0.503712606426139,"1",3778.99107917542
"2102",0.332033797009561,"0",0
"2103",0.83141091955754,"1",3619.30388318653
"2104",0.307095996950191,"0",0
"2105",0.0349434959983916,"0",0
"2106",0.177899113287666,"0",0
"2107",0.540871603050797,"1",3714.00449913359
"2108",0.019064967566403,"0",0
"2109",0.305982769793589,"0",0
"2110",0.047083786577917,"0",0
"2111",0.805279952314694,"1",3632.7821721732
"2112",0.106588869370689,"0",0
"2113",0.374762563404786,"0",0
"2114",0.0302879308390917,"0",0
"2115",0.0979480812028026,"0",0
"2116",0.0374717578499347,"0",0
"2117",0.489248681783938,"0",0
"2118",0.353338678646878,"0",0
"2119",0.895882086861649,"1",3643.53147993414
"2120",0.187935456594157,"0",0
"2121",0.0856356190811888,"0",0
"2122",0.334282937856485,"0",0
"2123",0.645969298947019,"1",3824.28221217408
"2124",0.363446238114595,"0",0
"2125",0.284541572903997,"0",0
"2126",0.0486375096490279,"0",0
"2127",0.410285792710395,"0",0
"2128",0.141692683388389,"0",0
"2129",0.0589607350234921,"0",0
"2130",0.0487731151856806,"0",0
"2131",0.146997817686301,"0",0
"2132",0.198125943092387,"0",0
"2133",0.218487130662059,"0",0
"2134",0.278187813924803,"0",0
"2135",0.431789811820567,"0",0
"2136",0.0304202456847718,"0",0
"2137",0.336633459308229,"0",0
"2138",0.0432840938962105,"0",0
"2139",0.0125312616855302,"0",0
"2140",0.241889356735944,"0",0
"2141",0.158948245187474,"0",0
